[
  {
    "name": "theme_info",
    "theme_name": "Fragrance",
    "theme_version": "1.0.0",
    "theme_author": "Your Company Name",
    "theme_documentation_url": "https://yourwebsite.com/documentation",
    "theme_support_url": "https://yourwebsite.com/support"
  },
  {
    "name": "Colors",
    "settings": [
      {
        "type": "header",
        "content": "Color scheme"
      },
      {
        "type": "color",
        "id": "color_background",
        "label": "Background",
        "default": "#FFFFFF"
      },
      {
        "type": "color",
        "id": "color_text",
        "label": "Text",
        "default": "#000000",
        "info": "Foreground color for background"
      },
      {
        "type": "color",
        "id": "color_button_background",
        "label": "Button background",
        "default": "#111111"
      },
      {
        "type": "color",
        "id": "color_button_text",
        "label": "Button text",
        "default": "#FFFFFF",
        "info": "Foreground color for button background"
      },
      {
        "type": "color",
        "id": "color_accent",
        "label": "Accent",
        "default": "#D4AF37"
      },
      {
        "type": "color",
        "id": "color_accent_text",
        "label": "Accent text",
        "default": "#FFFFFF",
        "info": "Foreground color for accent background"
      },
      {
        "type": "color",
        "id": "color_secondary_background",
        "label": "Secondary background",
        "default": "#F6F6F6"
      },
      {
        "type": "color",
        "id": "color_secondary_text",
        "label": "Secondary text",
        "default": "#333333",
        "info": "Foreground color for secondary background"
      }
    ]
  },
  {
    "name": "Typography",
    "settings": [
      {
        "type": "header",
        "content": "Font settings"
      },
      {
        "type": "font_picker",
        "id": "font_heading",
        "label": "Heading font",
        "default": "assistant_n4",
        "info": "Font used for headings throughout the theme"
      },
      {
        "type": "font_picker",
        "id": "font_body",
        "label": "Body font",
        "default": "assistant_n4",
        "info": "Font used for body text throughout the theme"
      }
    ]
  },
  {
    "name": "Logo",
    "settings": [
      {
        "type": "header",
        "content": "Logo"
      },
      {
        "type": "image_picker",
        "id": "logo",
        "label": "Logo image",
        "info": "Upload your logo. Works with images of different aspect ratios (landscape or portrait)."
      },
      {
        "type": "range",
        "id": "logo_width",
        "min": 50,
        "max": 300,
        "step": 10,
        "unit": "px",
        "label": "Logo width",
        "default": 150
      },
      {
        "type": "image_picker",
        "id": "favicon",
        "label": "Favicon",
        "info": "Upload a favicon image. Will be shown in browser tabs."
      }
    ]
  },
  {
    "name": "Social media",
    "settings": [
      {
        "type": "header",
        "content": "Social media accounts"
      },
      {
        "type": "text",
        "id": "social_facebook",
        "label": "Facebook",
        "info": "https://facebook.com/yourpage"
      },
      {
        "type": "text",
        "id": "social_instagram",
        "label": "Instagram",
        "info": "https://instagram.com/yourprofile"
      },
      {
        "type": "text",
        "id": "social_twitter",
        "label": "Twitter",
        "info": "https://twitter.com/yourprofile"
      },
      {
        "type": "text",
        "id": "social_pinterest",
        "label": "Pinterest",
        "info": "https://pinterest.com/yourprofile"
      },
      {
        "type": "text",
        "id": "social_youtube",
        "label": "YouTube",
        "info": "https://youtube.com/yourchannel"
      },
      {
        "type": "text",
        "id": "social_tiktok",
        "label": "TikTok",
        "info": "https://tiktok.com/@yourprofile"
      }
    ]
  },
  {
    "name": "Cart",
    "settings": [
      {
        "type": "header",
        "content": "Cart settings"
      },
      {
        "type": "select",
        "id": "cart_type",
        "label": "Cart type",
        "options": [
          {
            "value": "drawer",
            "label": "Drawer"
          },
          {
            "value": "page",
            "label": "Page"
          }
        ],
        "default": "drawer"
      },
      {
        "type": "checkbox",
        "id": "cart_notes_enable",
        "label": "Enable cart notes",
        "default": true
      }
    ]
  },
  {
    "name": "Product",
    "settings": [
      {
        "type": "header",
        "content": "Product page settings"
      },
      {
        "type": "checkbox",
        "id": "product_show_vendor",
        "label": "Show product vendor",
        "default": true
      },
      {
        "type": "checkbox",
        "id": "product_show_sku",
        "label": "Show product SKU",
        "default": false
      },
      {
        "type": "checkbox",
        "id": "product_show_share_buttons",
        "label": "Show social sharing buttons",
        "default": true
      }
    ]
  }
]
